Title,Movie Link,Year,Duration,MPA,Rating,Votes
1. Avatar,https://www.imdb.com/title/tt0499549/?ref_=sr_t_1,2009,2h 42m,PG-13,7.9,1.4M
2. Transformers: Revenge of the Fallen,https://www.imdb.com/title/tt1055369/?ref_=sr_t_2,2009,2h 29m,PG-13,6.0,437K
3. Harry Potter and the Half-Blood Prince,https://www.imdb.com/title/tt0417741/?ref_=sr_t_3,2009,2h 33m,PG,7.6,616K
4. The Twilight Saga: New Moon,https://www.imdb.com/title/tt1259571/?ref_=sr_t_4,2009,2h 10m,PG-13,4.8,307K
5. Up,https://www.imdb.com/title/tt1049413/?ref_=sr_t_5,2009,1h 36m,PG,8.3,1.2M
6. The Hangover,https://www.imdb.com/title/tt1119646/?ref_=sr_t_6,2009,1h 40m,R,7.7,872K
7. Star Trek,https://www.imdb.com/title/tt0796366/?ref_=sr_t_7,2009,2h 7m,PG-13,7.9,626K
8. The Blind Side,https://www.imdb.com/title/tt0878804/?ref_=sr_t_8,2009,2h 9m,PG-13,7.6,369K
9. Alvin and the Chipmunks: The Squeakquel,https://www.imdb.com/title/tt1231580/?ref_=sr_t_9,2009,1h 28m,PG,4.6,56K
10. Sherlock Holmes,https://www.imdb.com/title/tt0988045/?ref_=sr_t_10,2009,2h 8m,PG-13,7.6,684K
11. Monsters vs. Aliens,https://www.imdb.com/title/tt0892782/?ref_=sr_t_11,2009,1h 34m,PG,6.4,180K
12. Ice Age: Dawn of the Dinosaurs,https://www.imdb.com/title/tt1080016/?ref_=sr_t_12,2009,1h 34m,PG,6.9,272K
13. X-Men Origins: Wolverine,https://www.imdb.com/title/tt0458525/?ref_=sr_t_13,2009,1h 47m,PG-13,6.5,549K
14. Night at the Museum: Battle of the Smithsonian,https://www.imdb.com/title/tt1078912/?ref_=sr_t_14,2009,1h 45m,PG,6.0,218K
15. 2012,https://www.imdb.com/title/tt1190080/?ref_=sr_t_15,2009,2h 38m,PG-13,5.8,406K
16. The Proposal,https://www.imdb.com/title/tt1041829/?ref_=sr_t_16,2009,1h 48m,PG-13,6.8,374K
17. Fast & Furious,https://www.imdb.com/title/tt1013752/?ref_=sr_t_17,2009,1h 47m,PG-13,6.5,319K
18. G.I. Joe: The Rise of Cobra,https://www.imdb.com/title/tt1046173/?ref_=sr_t_18,2009,1h 58m,PG-13,5.7,217K
19. Paul Blart: Mall Cop,https://www.imdb.com/title/tt1114740/?ref_=sr_t_19,2009,1h 31m,PG,5.3,120K
20. A Christmas Carol,https://www.imdb.com/title/tt1067106/?ref_=sr_t_20,2009,1h 36m,PG,6.8,134K
21. Angels & Demons,https://www.imdb.com/title/tt0808151/?ref_=sr_t_21,2009,2h 18m,PG-13,6.7,315K
22. Terminator Salvation,https://www.imdb.com/title/tt0438488/?ref_=sr_t_22,2009,1h 55m,PG-13,6.5,383K
23. Cloudy with a Chance of Meatballs,https://www.imdb.com/title/tt0844471/?ref_=sr_t_23,2009,1h 30m,PG,6.9,267K
24. Inglourious Basterds,https://www.imdb.com/title/tt0361748/?ref_=sr_t_24,2009,2h 33m,R,8.4,1.6M
25. G-Force,https://www.imdb.com/title/tt0436339/?ref_=sr_t_25,2009,1h 28m,PG,5.1,51K
26. Coraline,https://www.imdb.com/title/tt0327597/?ref_=sr_t_26,2009,1h 40m,PG,7.8,279K
27. District 9,https://www.imdb.com/title/tt1136608/?ref_=sr_t_27,2009,1h 52m,R,7.9,729K
28. It's Complicated,https://www.imdb.com/title/tt1230414/?ref_=sr_t_28,2009,2h,R,6.5,100K
29. Couples Retreat,https://www.imdb.com/title/tt1078940/?ref_=sr_t_29,2009,1h 53m,R,5.5,117K
30. Watchmen,https://www.imdb.com/title/tt0409459/?ref_=sr_t_30,2009,2h 42m,R,7.6,593K
31. The Princess and the Frog,https://www.imdb.com/title/tt0780521/?ref_=sr_t_31,2009,1h 37m,G,7.2,174K
32. Public Enemies,https://www.imdb.com/title/tt1152836/?ref_=sr_t_32,2009,2h 20m,R,6.9,325K
33. Julie & Julia,https://www.imdb.com/title/tt1135503/?ref_=sr_t_33,2009,2h 3m,PG-13,7.0,131K
34. He's Just Not That Into You,https://www.imdb.com/title/tt1001508/?ref_=sr_t_34,2009,2h 9m,PG-13,6.4,186K
35. Madea Goes to Jail,https://www.imdb.com/title/tt1142800/?ref_=sr_t_35,2009,1h 43m,PG-13,4.6,13K
36. The Ugly Truth,https://www.imdb.com/title/tt1142988/?ref_=sr_t_36,2009,1h 36m,R,6.4,234K
37. Up in the Air,https://www.imdb.com/title/tt1193138/?ref_=sr_t_37,2009,1h 49m,R,7.4,353K
38. Knowing,https://www.imdb.com/title/tt0448011/?ref_=sr_t_38,2009,2h 1m,PG-13,6.2,253K
39. Hannah Montana: The Movie,https://www.imdb.com/title/tt1114677/?ref_=sr_t_39,2009,1h 42m,G,4.7,47K
40. Where the Wild Things Are,https://www.imdb.com/title/tt0386117/?ref_=sr_t_40,2009,1h 41m,PG,6.7,110K
41. Zombieland,https://www.imdb.com/title/tt1156398/?ref_=sr_t_41,2009,1h 28m,R,7.5,638K
42. Law Abiding Citizen,https://www.imdb.com/title/tt1197624/?ref_=sr_t_42,2009,1h 49m,R,7.4,329K
43. Hotel for Dogs,https://www.imdb.com/title/tt0785006/?ref_=sr_t_43,2009,1h 40m,PG,5.5,26K
44. This Is It,https://www.imdb.com/title/tt1477715/?ref_=sr_t_44,2009,1h 51m,PG,7.2,42K
"45. I Love You, Man",https://www.imdb.com/title/tt1155056/?ref_=sr_t_45,2009,1h 45m,R,7.0,220K
46. Obsessed,https://www.imdb.com/title/tt1198138/?ref_=sr_t_46,2009,1h 48m,PG-13,5.0,35K
47. Race to Witch Mountain,https://www.imdb.com/title/tt1075417/?ref_=sr_t_47,2009,1h 38m,PG,5.7,64K
48. The Final Destination,https://www.imdb.com/title/tt1144884/?ref_=sr_t_48,2009,1h 22m,R,5.1,119K
49. The Taking of Pelham 123,https://www.imdb.com/title/tt1111422/?ref_=sr_t_49,2009,1h 46m,R,6.4,211K
50. Friday the 13th,https://www.imdb.com/title/tt0758746/?ref_=sr_t_50,2009,1h 37m,R,5.5,121K
51. 17 Again,https://www.imdb.com/title/tt0974661/?ref_=sr_t_51,2009,1h 42m,PG-13,6.4,222K
52. The Time Traveler's Wife,https://www.imdb.com/title/tt0452694/?ref_=sr_t_52,2009,1h 47m,PG-13,7.1,161K
53. Brüno,https://www.imdb.com/title/tt0889583/?ref_=sr_t_53,2009,1h 21m,R,5.9,156K
54. Bride Wars,https://www.imdb.com/title/tt0901476/?ref_=sr_t_54,2009,1h 29m,PG,5.5,118K
55. The Haunting in Connecticut,https://www.imdb.com/title/tt0492044/?ref_=sr_t_55,2009,1h 32m,PG-13,5.8,66K
56. Ghosts of Girlfriends Past,https://www.imdb.com/title/tt0821640/?ref_=sr_t_56,2009,1h 40m,PG-13,5.8,96K
57. Funny People,https://www.imdb.com/title/tt1201167/?ref_=sr_t_57,2009,2h 26m,R,6.3,125K
58. I Can Do Bad All by Myself,https://www.imdb.com/title/tt1385912/?ref_=sr_t_58,2009,1h 53m,PG-13,4.7,11K
59. My Bloody Valentine,https://www.imdb.com/title/tt1179891/?ref_=sr_t_59,2009,1h 41m,R,5.4,62K
60. Old Dogs,https://www.imdb.com/title/tt0976238/?ref_=sr_t_60,2009,1h 28m,PG,5.3,40K
61. Land of the Lost,https://www.imdb.com/title/tt0457400/?ref_=sr_t_61,2009,1h 42m,PG-13,5.3,77K
62. My Sister's Keeper,https://www.imdb.com/title/tt1078588/?ref_=sr_t_62,2009,1h 49m,PG-13,7.3,100K
63. Precious,https://www.imdb.com/title/tt0929632/?ref_=sr_t_63,2009,1h 50m,Not Rated,7.3,118K
64. Underworld: Rise of the Lycans,https://www.imdb.com/title/tt0834001/?ref_=sr_t_64,2009,1h 32m,R,6.5,171K
65. Confessions of a Shopaholic,https://www.imdb.com/title/tt1093908/?ref_=sr_t_65,2009,1h 44m,PG,5.9,85K
66. The Lovely Bones,https://www.imdb.com/title/tt0380510/?ref_=sr_t_66,2009,2h 15m,PG-13,6.6,183K
67. Year One,https://www.imdb.com/title/tt1045778/?ref_=sr_t_67,2009,1h 37m,PG-13,4.9,105K
68. The Unborn,https://www.imdb.com/title/tt1139668/?ref_=sr_t_68,2009,1h 28m,PG-13,4.7,54K
69. Planet 51,https://www.imdb.com/title/tt0762125/?ref_=sr_t_69,2009,1h 31m,PG,6.0,60K
70. Drag Me to Hell,https://www.imdb.com/title/tt1127180/?ref_=sr_t_70,2009,1h 39m,PG-13,6.6,222K
71. Orphan,https://www.imdb.com/title/tt1148204/?ref_=sr_t_71,2009,2h 3m,R,7.0,262K
72. Duplicity,https://www.imdb.com/title/tt1135487/?ref_=sr_t_72,2009,2h 5m,PG-13,6.1,53K
73. Crazy Heart,https://www.imdb.com/title/tt1263670/?ref_=sr_t_73,2009,1h 52m,R,7.2,96K
74. Surrogates,https://www.imdb.com/title/tt0986263/?ref_=sr_t_74,2009,1h 29m,PG-13,6.3,182K
75. Ninja Assassin,https://www.imdb.com/title/tt1186367/?ref_=sr_t_75,2009,1h 39m,R,6.3,77K
76. Invictus,https://www.imdb.com/title/tt1057500/?ref_=sr_t_76,2009,2h 14m,PG-13,7.3,170K
77. State of Play,https://www.imdb.com/title/tt0473705/?ref_=sr_t_77,2009,2h 7m,PG-13,7.1,163K
78. Notorious,https://www.imdb.com/title/tt0472198/?ref_=sr_t_78,2009,2h 2m,R,6.7,47K
79. The Pink Panther 2,https://www.imdb.com/title/tt0838232/?ref_=sr_t_79,2009,1h 32m,PG,5.6,50K
80. All About Steve,https://www.imdb.com/title/tt0881891/?ref_=sr_t_80,2009,1h 39m,PG-13,4.8,45K
81. Halloween II,https://www.imdb.com/title/tt1311067/?ref_=sr_t_81,2009,1h 45m,R,4.8,62K
82. The Informant!,https://www.imdb.com/title/tt1130080/?ref_=sr_t_82,2009,1h 48m,R,6.5,68K
83. The Last House on the Left,https://www.imdb.com/title/tt0844708/?ref_=sr_t_83,2009,1h 53m,R,6.5,103K
84. The Men Who Stare at Goats,https://www.imdb.com/title/tt1234548/?ref_=sr_t_84,2009,1h 34m,R,6.2,139K
85. 500 Days of Summer,https://www.imdb.com/title/tt1022603/?ref_=sr_t_85,2009,1h 35m,PG-13,7.7,579K
86. Push,https://www.imdb.com/title/tt0465580/?ref_=sr_t_86,2009,1h 51m,PG-13,6.1,117K
87. 9,https://www.imdb.com/title/tt0472033/?ref_=sr_t_87,2009,1h 19m,PG-13,7.0,151K
88. The Soloist,https://www.imdb.com/title/tt0821642/?ref_=sr_t_88,2009,1h 57m,PG-13,6.7,56K
89. Daybreakers,https://www.imdb.com/title/tt0433362/?ref_=sr_t_89,2009,1h 38m,R,6.4,137K
90. Did You Hear About the Morgans?,https://www.imdb.com/title/tt1314228/?ref_=sr_t_90,2009,1h 43m,PG-13,4.9,43K
91. The Stepfather,https://www.imdb.com/title/tt0814335/?ref_=sr_t_91,2009,1h 41m,PG-13,5.6,40K
92. The Uninvited,https://www.imdb.com/title/tt0815245/?ref_=sr_t_92,2009,1h 27m,PG-13,6.3,87K
93. Brothers,https://www.imdb.com/title/tt0765010/?ref_=sr_t_93,2009,1h 45m,R,7.1,156K
94. Saw VI,https://www.imdb.com/title/tt1233227/?ref_=sr_t_94,2009,1h 30m,R,6.0,129K
95. Brooklyn's Finest,https://www.imdb.com/title/tt1210042/?ref_=sr_t_95,2009,2h 12m,R,6.7,67K
96. Dance Flick,https://www.imdb.com/title/tt1153706/?ref_=sr_t_96,2009,1h 23m,PG-13,3.6,13K
97. The Fourth Kind,https://www.imdb.com/title/tt1220198/?ref_=sr_t_97,2009,1h 38m,PG-13,5.9,83K
98. The International,https://www.imdb.com/title/tt0963178/?ref_=sr_t_98,2009,1h 58m,R,6.5,102K
99. Aliens in the Attic,https://www.imdb.com/title/tt0775552/?ref_=sr_t_99,2009,1h 26m,PG,5.4,25K
100. Observe and Report,https://www.imdb.com/title/tt1197628/?ref_=sr_t_100,2009,1h 26m,R,5.8,66K
101. Fighting,https://www.imdb.com/title/tt1082601/?ref_=sr_t_101,2009,1h 45m,PG-13,5.6,35K
102. Love Happens,https://www.imdb.com/title/tt0899106/?ref_=sr_t_102,2009,1h 49m,PG-13,5.7,34K
103. Fame,https://www.imdb.com/title/tt1016075/?ref_=sr_t_103,2009,1h 47m,PG,5.0,17K
104. Fantastic Mr. Fox,https://www.imdb.com/title/tt0432283/?ref_=sr_t_104,2009,1h 27m,PG,7.9,280K
105. Shorts,https://www.imdb.com/title/tt1100119/?ref_=sr_t_105,2009,1h 29m,PG,4.7,8.2K
106. Gamer,https://www.imdb.com/title/tt1034032/?ref_=sr_t_106,2009,1h 35m,R,5.7,141K
107. Nine,https://www.imdb.com/title/tt0875034/?ref_=sr_t_107,2009,1h 58m,PG-13,5.8,46K
108. Astro Boy,https://www.imdb.com/title/tt0375568/?ref_=sr_t_108,2009,1h 34m,PG,6.2,41K
109. Jonas Brothers: The 3D Concert Experience,https://www.imdb.com/title/tt1229827/?ref_=sr_t_109,2009,1h 16m,G,1.6,18K
110. The Invention of Lying,https://www.imdb.com/title/tt1058017/?ref_=sr_t_110,2009,1h 40m,PG-13,6.4,152K
111. Fired Up!,https://www.imdb.com/title/tt1083456/?ref_=sr_t_111,2009,1h 30m,PG-13,6.1,47K
112. Splice,https://www.imdb.com/title/tt1017460/?ref_=sr_t_112,2009,1h 44m,R,5.8,104K
113. New in Town,https://www.imdb.com/title/tt1095174/?ref_=sr_t_113,2009,1h 37m,PG,5.7,25K
114. Jennifer's Body,https://www.imdb.com/title/tt1131734/?ref_=sr_t_114,2009,1h 42m,R,5.5,159K
115. Imagine That,https://www.imdb.com/title/tt0780567/?ref_=sr_t_115,2009,1h 47m,PG,5.6,16K
116. Adventureland,https://www.imdb.com/title/tt1091722/?ref_=sr_t_116,2009,1h 47m,R,6.8,171K
117. Armored,https://www.imdb.com/title/tt0913354/?ref_=sr_t_117,2009,1h 28m,PG-13,5.7,32K
118. A Perfect Getaway,https://www.imdb.com/title/tt0971209/?ref_=sr_t_118,2009,1h 38m,R,6.5,78K
119. Youth in Revolt,https://www.imdb.com/title/tt0403702/?ref_=sr_t_119,2009,1h 30m,R,6.4,77K
"120. The Goods: Live Hard, Sell Hard",https://www.imdb.com/title/tt1092633/?ref_=sr_t_120,2009,1h 29m,R,5.7,23K
121. The Box,https://www.imdb.com/title/tt0362478/?ref_=sr_t_121,2009,1h 55m,PG-13,5.6,96K
"122. I Love You, Beth Cooper",https://www.imdb.com/title/tt1032815/?ref_=sr_t_122,2009,1h 42m,PG-13,5.3,38K
123. Capitalism: A Love Story,https://www.imdb.com/title/tt1232207/?ref_=sr_t_123,2009,2h 7m,R,7.4,44K
124. Amelia,https://www.imdb.com/title/tt1129445/?ref_=sr_t_124,2009,1h 51m,PG,5.8,14K
125. Cirque du Freak: The Vampire's Assistant,https://www.imdb.com/title/tt0450405/?ref_=sr_t_125,2009,1h 49m,PG-13,5.8,49K
126. Crank: High Voltage,https://www.imdb.com/title/tt1121931/?ref_=sr_t_126,2009,1h 36m,R,6.1,162K
127. Case 39,https://www.imdb.com/title/tt0795351/?ref_=sr_t_127,2009,1h 49m,R,6.2,95K
128. Whip It,https://www.imdb.com/title/tt1172233/?ref_=sr_t_128,2009,1h 51m,PG-13,6.9,71K
129. An Education,https://www.imdb.com/title/tt1174732/?ref_=sr_t_129,2009,1h 40m,PG-13,7.2,139K
130. 12 Rounds,https://www.imdb.com/title/tt1160368/?ref_=sr_t_130,2009,1h 48m,PG-13,5.6,31K
131. Sorority Row,https://www.imdb.com/title/tt1232783/?ref_=sr_t_131,2009,1h 41m,R,5.2,33K
132. The Young Victoria,https://www.imdb.com/title/tt0962736/?ref_=sr_t_132,2009,1h 45m,PG,7.2,68K
133. Extract,https://www.imdb.com/title/tt1225822/?ref_=sr_t_133,2009,1h 32m,R,6.1,51K
134. Not Easily Broken,https://www.imdb.com/title/tt0795438/?ref_=sr_t_134,2009,1h 39m,PG-13,6.1,3.3K
135. Pandorum,https://www.imdb.com/title/tt1188729/?ref_=sr_t_135,2009,1h 48m,R,6.7,162K
136. Whiteout,https://www.imdb.com/title/tt0365929/?ref_=sr_t_136,2009,1h 41m,R,5.5,42K
137. The Boondock Saints II: All Saints Day,https://www.imdb.com/title/tt1300851/?ref_=sr_t_137,2009,1h 58m,R,6.2,68K
138. The Girl with the Dragon Tattoo,https://www.imdb.com/title/tt1132620/?ref_=sr_t_138,2009,2h 32m,R,7.8,226K
139. Next Day Air,https://www.imdb.com/title/tt1097013/?ref_=sr_t_139,2009,1h 24m,R,5.7,11K
140. Away We Go,https://www.imdb.com/title/tt1176740/?ref_=sr_t_140,2009,1h 38m,R,7.0,56K
141. Dragonball Evolution,https://www.imdb.com/title/tt1098327/?ref_=sr_t_141,2009,1h 25m,PG,2.5,81K
142. A Serious Man,https://www.imdb.com/title/tt1019452/?ref_=sr_t_142,2009,1h 46m,R,7.0,153K
143. Everybody's Fine,https://www.imdb.com/title/tt0780511/?ref_=sr_t_143,2009,1h 39m,PG-13,7.1,65K
144. Get Low,https://www.imdb.com/title/tt1194263/?ref_=sr_t_144,2009,1h 43m,PG-13,7.0,24K
145. A Single Man,https://www.imdb.com/title/tt1315981/?ref_=sr_t_145,2009,1h 39m,R,7.5,119K
146. Street Fighter: The Legend of Chun-Li,https://www.imdb.com/title/tt0891592/?ref_=sr_t_146,2009,1h 36m,PG-13,3.7,26K
147. My Life in Ruins,https://www.imdb.com/title/tt0865559/?ref_=sr_t_147,2009,1h 35m,PG-13,5.9,21K
148. The Road,https://www.imdb.com/title/tt0898367/?ref_=sr_t_148,2009,1h 51m,R,7.2,260K
149. The Boat That Rocked,https://www.imdb.com/title/tt1131729/?ref_=sr_t_149,2009,1h 57m,R,7.3,118K
150. The Collector,https://www.imdb.com/title/tt0844479/?ref_=sr_t_150,2009,1h 30m,R,6.3,75K
151. The Imaginarium of Doctor Parnassus,https://www.imdb.com/title/tt1054606/?ref_=sr_t_151,2009,2h 3m,PG-13,6.8,155K
152. The Girl Who Played with Fire,https://www.imdb.com/title/tt1216487/?ref_=sr_t_152,2009,2h 9m,R,7.1,100K
153. Taking Woodstock,https://www.imdb.com/title/tt1127896/?ref_=sr_t_153,2009,2h,R,6.7,30K
154. City Island,https://www.imdb.com/title/tt1174730/?ref_=sr_t_154,2009,1h 44m,PG-13,7.3,33K
155. The Last Station,https://www.imdb.com/title/tt0824758/?ref_=sr_t_155,2009,1h 52m,R,6.9,19K
156. 3 Idiots,https://www.imdb.com/title/tt1187043/?ref_=sr_t_156,2009,2h 50m,PG-13,8.4,450K
157. The Secret in Their Eyes,https://www.imdb.com/title/tt1305806/?ref_=sr_t_157,2009,2h 9m,R,8.2,229K
158. Post Grad,https://www.imdb.com/title/tt1142433/?ref_=sr_t_158,2009,1h 28m,PG-13,5.3,15K
159. Coco Before Chanel,https://www.imdb.com/title/tt1035736/?ref_=sr_t_159,2009,1h 45m,PG-13,6.6,43K
160. Whatever Works,https://www.imdb.com/title/tt1178663/?ref_=sr_t_160,2009,1h 33m,PG-13,7.1,78K
161. Bandslam,https://www.imdb.com/title/tt0976222/?ref_=sr_t_161,2009,1h 51m,PG,6.3,15K
162. The Girl Who Kicked the Hornet's Nest,https://www.imdb.com/title/tt1343097/?ref_=sr_t_162,2009,2h 27m,R,7.3,75K
163. Broken Embraces,https://www.imdb.com/title/tt0913425/?ref_=sr_t_163,2009,2h 7m,R,7.2,43K
164. Moon,https://www.imdb.com/title/tt1182345/?ref_=sr_t_164,2009,1h 37m,R,7.8,383K
165. I Am Love,https://www.imdb.com/title/tt1226236/?ref_=sr_t_165,2009,2h,R,7.0,25K
166. Mao's Last Dancer,https://www.imdb.com/title/tt1071812/?ref_=sr_t_166,2009,1h 57m,PG,7.3,8.4K
167. Miss March,https://www.imdb.com/title/tt1151922/?ref_=sr_t_167,2009,1h 30m,R,5.0,22K
168. Bright Star,https://www.imdb.com/title/tt0810784/?ref_=sr_t_168,2009,1h 59m,PG,6.9,29K
169. Solitary Man,https://www.imdb.com/title/tt1294213/?ref_=sr_t_169,2009,1h 30m,R,6.3,17K
170. Good Hair,https://www.imdb.com/title/tt1213585/?ref_=sr_t_170,2009,1h 36m,PG-13,6.9,6.3K
171. The September Issue,https://www.imdb.com/title/tt1331025/?ref_=sr_t_171,2009,1h 30m,PG-13,7.0,8.1K
172. To Save a Life,https://www.imdb.com/title/tt1270286/?ref_=sr_t_172,2009,2h,PG-13,6.8,5.9K
173. Chloe,https://www.imdb.com/title/tt1352824/?ref_=sr_t_173,2009,1h 36m,R,6.3,79K
174. Chéri,https://www.imdb.com/title/tt1179258/?ref_=sr_t_174,2009,1h 26m,R,6.1,12K
175. Sin Nombre,https://www.imdb.com/title/tt1127715/?ref_=sr_t_175,2009,1h 36m,R,7.5,34K
176. My One and Only,https://www.imdb.com/title/tt1185431/?ref_=sr_t_176,2009,1h 48m,PG-13,6.5,9.6K
177. Love Aaj Kal,https://www.imdb.com/title/tt1275863/?ref_=sr_t_177,2009,2h 8m,Not Rated,6.8,17K
178. In the Loop,https://www.imdb.com/title/tt1226774/?ref_=sr_t_178,2009,1h 46m,Not Rated,7.4,62K
179. Adam,https://www.imdb.com/title/tt1185836/?ref_=sr_t_179,2009,1h 39m,PG-13,7.1,36K
180. The White Ribbon,https://www.imdb.com/title/tt1149362/?ref_=sr_t_180,2009,2h 24m,R,7.8,79K
181. A Prophet,https://www.imdb.com/title/tt1235166/?ref_=sr_t_181,2009,2h 35m,R,7.8,104K
182. I Love You Phillip Morris,https://www.imdb.com/title/tt1045772/?ref_=sr_t_182,2009,1h 38m,R,6.6,101K
183. The Mighty Macs,https://www.imdb.com/title/tt1034324/?ref_=sr_t_183,2009,1h 39m,G,6.6,1.9K
184. Harry Brown,https://www.imdb.com/title/tt1289406/?ref_=sr_t_184,2009,1h 43m,R,7.2,92K
185. Bad Lieutenant: Port of Call New Orleans,https://www.imdb.com/title/tt1095217/?ref_=sr_t_185,2009,2h 2m,R,6.6,82K
186. Coco Chanel & Igor Stravinsky,https://www.imdb.com/title/tt1023441/?ref_=sr_t_186,2009,1h 59m,R,6.3,7.1K
187. Cairo Time,https://www.imdb.com/title/tt0896529/?ref_=sr_t_187,2009,1h 30m,PG,6.6,6.9K
188. The Double Hour,https://www.imdb.com/title/tt1379222/?ref_=sr_t_188,2009,1h 35m,Not Rated,6.6,4.3K
189. The Joneses,https://www.imdb.com/title/tt1285309/?ref_=sr_t_189,2009,1h 36m,R,6.4,42K
190. Nowhere Boy,https://www.imdb.com/title/tt1266029/?ref_=sr_t_190,2009,1h 38m,R,7.1,40K
191. Kambakkht Ishq,https://www.imdb.com/title/tt1144804/?ref_=sr_t_191,2009,2h 22m,Not Rated,3.8,7.7K
192. I Hope They Serve Beer in Hell,https://www.imdb.com/title/tt1220628/?ref_=sr_t_192,2009,1h 45m,R,5.2,8.8K
193. X Games 3D: The Movie,https://www.imdb.com/title/tt1440770/?ref_=sr_t_193,2009,1h 32m,PG,6.4,321
194. Kaminey,https://www.imdb.com/title/tt1274295/?ref_=sr_t_194,2009,2h 10m,,7.4,18K
195. Paper Heart,https://www.imdb.com/title/tt1331064/?ref_=sr_t_195,2009,1h 28m,PG-13,6.0,8.7K
196. Micmacs,https://www.imdb.com/title/tt1149361/?ref_=sr_t_196,2009,1h 45m,R,7.1,32K
"197. Yoo-Hoo, Mrs. Goldberg",https://www.imdb.com/title/tt1334479/?ref_=sr_t_197,2009,1h 32m,Unrated,7.4,245
198. Mother and Child,https://www.imdb.com/title/tt1121977/?ref_=sr_t_198,2009,2h 5m,R,7.2,13K
199. The Messenger,https://www.imdb.com/title/tt0790712/?ref_=sr_t_199,2009,1h 53m,R,7.1,37K
200. La Mission,https://www.imdb.com/title/tt1200272/?ref_=sr_t_200,2009,1h 57m,R,7.0,2K
201. The Perfect Game,https://www.imdb.com/title/tt0473102/?ref_=sr_t_201,2009,1h 58m,PG,6.9,4.3K
202. New York,https://www.imdb.com/title/tt1328634/?ref_=sr_t_202,2009,2h 33m,Not Rated,6.8,12K
203. De Dana Dan,https://www.imdb.com/title/tt1255951/?ref_=sr_t_203,2009,2h 42m,Not Rated,5.9,11K
204. CC2C,https://www.imdb.com/title/tt1091229/?ref_=sr_t_204,2009,2h 34m,PG-13,4.3,9.9K
205. The Salvation Poem,https://www.imdb.com/title/tt1608566/?ref_=sr_t_205,2009,1h 18m,PG-13,4.8,110
206. Cold Souls,https://www.imdb.com/title/tt1127877/?ref_=sr_t_206,2009,1h 41m,PG-13,6.4,10K
207. Princess Kaiulani,https://www.imdb.com/title/tt1185344/?ref_=sr_t_207,2009,2h 10m,PG,6.1,1.9K
208. Delhi-6,https://www.imdb.com/title/tt1043451/?ref_=sr_t_208,2009,2h 21m,Not Rated,6.2,8.6K
209. The Cove,https://www.imdb.com/title/tt1313104/?ref_=sr_t_209,2009,1h 32m,PG-13,8.4,52K
210. The Boys Are Back,https://www.imdb.com/title/tt0926380/?ref_=sr_t_210,2009,1h 44m,PG-13,6.8,11K
211. Billu,https://www.imdb.com/title/tt1230448/?ref_=sr_t_211,2009,2h 17m,Not Rated,6.4,14K
212. Middle Men,https://www.imdb.com/title/tt1251757/?ref_=sr_t_212,2009,1h 45m,R,6.8,39K
213. Kurbaan,https://www.imdb.com/title/tt1185442/?ref_=sr_t_213,2009,2h 41m,,5.7,5.6K
214. The Cross,https://www.imdb.com/title/tt1385869/?ref_=sr_t_214,2009,1h 30m,PG,5.3,180
215. Wake Up Sid,https://www.imdb.com/title/tt1324059/?ref_=sr_t_215,2009,2h 18m,Not Rated,7.6,35K
216. The Hedgehog,https://www.imdb.com/title/tt1442519/?ref_=sr_t_216,2009,1h 40m,Unrated,7.3,9.9K
217. The Girlfriend Experience,https://www.imdb.com/title/tt1103982/?ref_=sr_t_217,2009,1h 17m,R,5.5,17K
218. Fanboys,https://www.imdb.com/title/tt0489049/?ref_=sr_t_218,2009,1h 30m,PG-13,6.5,62K
219. The Secret of Kells,https://www.imdb.com/title/tt0485601/?ref_=sr_t_219,2009,1h 15m,Not Rated,7.5,39K
220. Echelon Conspiracy,https://www.imdb.com/title/tt1124039/?ref_=sr_t_220,2009,1h 45m,PG-13,5.7,20K
221. Play the Game,https://www.imdb.com/title/tt1124388/?ref_=sr_t_221,2009,1h 45m,PG-13,6.3,2.9K
222. The Concert,https://www.imdb.com/title/tt1320082/?ref_=sr_t_222,2009,1h 59m,PG-13,7.5,19K
223. The Oscar Nominated Short Films 2009: Live Action,https://www.imdb.com/title/tt2506394/?ref_=sr_t_223,2009,1h 34m,,7.6,11
224. Dil Bole Hadippa,https://www.imdb.com/title/tt1202540/?ref_=sr_t_224,2009,2h 28m,Not Rated,4.7,4.8K
225. Amreeka,https://www.imdb.com/title/tt1190858/?ref_=sr_t_225,2009,1h 36m,PG-13,7.0,3.7K
226. Ajami,https://www.imdb.com/title/tt1077262/?ref_=sr_t_226,2009,2h 4m,Not Rated,7.3,6.6K
227. Agora,https://www.imdb.com/title/tt1186830/?ref_=sr_t_227,2009,2h 7m,R,7.1,74K
228. Vincere,https://www.imdb.com/title/tt1156173/?ref_=sr_t_228,2009,2h 8m,Unrated,6.8,6K
229. The Maid,https://www.imdb.com/title/tt1187044/?ref_=sr_t_229,2009,1h 35m,Not Rated,7.3,6.6K
230. La danse,https://www.imdb.com/title/tt1500496/?ref_=sr_t_230,2009,2h 39m,,7.2,698
231. Mother,https://www.imdb.com/title/tt1216496/?ref_=sr_t_231,2009,2h 9m,R,7.7,75K
232. Ondine,https://www.imdb.com/title/tt1235796/?ref_=sr_t_232,2009,1h 51m,PG-13,6.8,23K
233. From Mexico with Love,https://www.imdb.com/title/tt0457355/?ref_=sr_t_233,2009,1h 36m,PG-13,5.2,594
234. The Art of the Steal,https://www.imdb.com/title/tt1326733/?ref_=sr_t_234,2009,1h 41m,Unrated,7.5,2.5K
235. Mademoiselle Chambon,https://www.imdb.com/title/tt1285246/?ref_=sr_t_235,2009,1h 41m,Not Rated,6.9,3.2K
236. Tetro,https://www.imdb.com/title/tt0964185/?ref_=sr_t_236,2009,2h 7m,R,6.8,14K
237. The City of Your Final Destination,https://www.imdb.com/title/tt0896923/?ref_=sr_t_237,2009,1h 57m,PG-13,6.3,3.3K
238. Queen to Play,https://www.imdb.com/title/tt1082009/?ref_=sr_t_238,2009,1h 41m,Unrated,6.9,3.3K
239. About Elly,https://www.imdb.com/title/tt1360860/?ref_=sr_t_239,2009,1h 59m,TV-PG,7.9,58K
240. Crossing Over,https://www.imdb.com/title/tt0924129/?ref_=sr_t_240,2009,1h 53m,R,6.7,25K
241. The Most Dangerous Man in America: Daniel Ellsberg and the Pentagon Papers,https://www.imdb.com/title/tt1319726/?ref_=sr_t_241,2009,1h 32m,Not Rated,7.7,2.4K
242. The Damned United,https://www.imdb.com/title/tt1226271/?ref_=sr_t_242,2009,1h 38m,R,7.5,47K
243. Vision - Aus dem Leben der Hildegard von Bingen,https://www.imdb.com/title/tt0995850/?ref_=sr_t_243,2009,1h 50m,Unrated,6.5,1.3K
244. The Limits of Control,https://www.imdb.com/title/tt1135092/?ref_=sr_t_244,2009,1h 56m,R,6.2,21K
245. Humpday,https://www.imdb.com/title/tt1334537/?ref_=sr_t_245,2009,1h 34m,R,6.0,6.5K
246. Antichrist,https://www.imdb.com/title/tt0870984/?ref_=sr_t_246,2009,1h 48m,Not Rated,6.5,140K
247. Wild Grass,https://www.imdb.com/title/tt1156143/?ref_=sr_t_247,2009,1h 44m,PG,6.2,4K
248. Transylmania,https://www.imdb.com/title/tt0936471/?ref_=sr_t_248,2009,1h 32m,R,3.8,2.9K
249. Fish Tank,https://www.imdb.com/title/tt1232776/?ref_=sr_t_249,2009,2h 3m,Not Rated,7.3,66K
250. Lebanon,https://www.imdb.com/title/tt1483831/?ref_=sr_t_250,2009,1h 33m,R,6.9,12K
251. Luck by Chance,https://www.imdb.com/title/tt0886539/?ref_=sr_t_251,2009,2h 36m,Not Rated,7.1,11K
252. Like Dandelion Dust,https://www.imdb.com/title/tt0981042/?ref_=sr_t_252,2009,1h 40m,PG-13,7.0,3.2K
253. Chico & Rita,https://www.imdb.com/title/tt1235830/?ref_=sr_t_253,2009,1h 34m,Not Rated,7.2,9.8K
254. Wanted,https://www.imdb.com/title/tt1084972/?ref_=sr_t_254,2009,2h 27m,Not Rated,6.6,27K
255. Creation,https://www.imdb.com/title/tt0974014/?ref_=sr_t_255,2009,1h 48m,PG-13,6.6,15K
256. The Private Lives of Pippa Lee,https://www.imdb.com/title/tt1134629/?ref_=sr_t_256,2009,1h 38m,R,6.3,14K
257. Enter the Void,https://www.imdb.com/title/tt1191111/?ref_=sr_t_257,2009,2h 41m,Not Rated,7.2,90K
258. Kings of Pastry,https://www.imdb.com/title/tt1558972/?ref_=sr_t_258,2009,1h 27m,Not Rated,6.9,1.4K
259. Thirst,https://www.imdb.com/title/tt0762073/?ref_=sr_t_259,2009,2h 14m,R,7.1,53K
260. Today's Special,https://www.imdb.com/title/tt1153053/?ref_=sr_t_260,2009,1h 39m,R,6.6,6.8K
261. White Material,https://www.imdb.com/title/tt1135952/?ref_=sr_t_261,2009,1h 46m,Not Rated,6.9,8.6K
262. London Dreams,https://www.imdb.com/title/tt0486615/?ref_=sr_t_262,2009,2h 26m,,5.4,5K
263. Last Train Home,https://www.imdb.com/title/tt1512201/?ref_=sr_t_263,2009,1h 25m,Not Rated,7.6,3.8K
264. Outrage,https://www.imdb.com/title/tt1049400/?ref_=sr_t_264,2009,1h 30m,R,7.5,1.8K
265. Life During Wartime,https://www.imdb.com/title/tt0808526/?ref_=sr_t_265,2009,1h 38m,R,6.4,8K
266. That Evening Sun,https://www.imdb.com/title/tt1114680/?ref_=sr_t_266,2009,1h 49m,PG-13,7.0,3K
267. Soul Kitchen,https://www.imdb.com/title/tt1244668/?ref_=sr_t_267,2009,1h 36m,,7.2,41K
268. Tera Mera Ki Rishta,https://www.imdb.com/title/tt1587426/?ref_=sr_t_268,2009,2h 46m,Not Rated,6.6,167
269. What's Your Raashee?,https://www.imdb.com/title/tt1242530/?ref_=sr_t_269,2009,3h 15m,Not Rated,4.8,2.9K
270. Blood: The Last Vampire,https://www.imdb.com/title/tt0806027/?ref_=sr_t_270,2009,1h 31m,R,5.3,15K
271. Spread,https://www.imdb.com/title/tt1186370/?ref_=sr_t_271,2009,1h 37m,R,5.8,42K
272. My Dog Tulip,https://www.imdb.com/title/tt0843358/?ref_=sr_t_272,2009,1h 23m,Not Rated,6.9,1.8K
273. When You're Strange,https://www.imdb.com/title/tt1333667/?ref_=sr_t_273,2009,1h 26m,R,7.6,10K
274. Larger Than Life in,https://www.imdb.com/title/tt1546999/?ref_=sr_t_274,2009,1h 28m,PG,8.2,39
275. Black Dynamite,https://www.imdb.com/title/tt1190536/?ref_=sr_t_275,2009,1h 24m,R,7.4,53K
276. Big Fan,https://www.imdb.com/title/tt1228953/?ref_=sr_t_276,2009,1h 28m,R,6.6,10K
277. (Untitled),https://www.imdb.com/title/tt1132193/?ref_=sr_t_277,2009,1h 36m,R,6.2,2.4K
278. Formosa Betrayed,https://www.imdb.com/title/tt1121786/?ref_=sr_t_278,2009,1h 43m,R,6.1,1.5K
279. The Black Waters of Echo's Pond,https://www.imdb.com/title/tt0960066/?ref_=sr_t_279,2009,1h 29m,R,4.4,1.4K
280. World's Greatest Dad,https://www.imdb.com/title/tt1262981/?ref_=sr_t_280,2009,1h 39m,R,6.9,41K
281. Do Knot Disturb,https://www.imdb.com/title/tt1343362/?ref_=sr_t_281,2009,2h 6m,,3.7,1.3K
282. La soga,https://www.imdb.com/title/tt1269696/?ref_=sr_t_282,2009,1h 42m,R,6.2,852
283. The Girl on the Train,https://www.imdb.com/title/tt1183672/?ref_=sr_t_283,2009,1h 37m,Unrated,6.0,1.7K
284. Sweetgrass,https://www.imdb.com/title/tt1517252/?ref_=sr_t_284,2009,1h 41m,Unrated,6.8,1.1K
285. Paa,https://www.imdb.com/title/tt1532957/?ref_=sr_t_285,2009,2h 13m,,7.1,13K
286. South of the Border,https://www.imdb.com/title/tt1337137/?ref_=sr_t_286,2009,1h 18m,Not Rated,7.0,3.1K
287. Me and Mrs. Khanna,https://www.imdb.com/title/tt1174041/?ref_=sr_t_287,2009,1h 49m,Not Rated,3.4,3.4K
288. The Yes Men Fix the World,https://www.imdb.com/title/tt1352852/?ref_=sr_t_288,2009,1h 27m,,7.5,5.2K
"289. A Woman, a Gun and a Noodle Shop",https://www.imdb.com/title/tt1428556/?ref_=sr_t_289,2009,1h 35m,R,5.6,3.5K
290. Shrink,https://www.imdb.com/title/tt1247692/?ref_=sr_t_290,2009,1h 44m,R,6.6,19K
291. The Human Centipede (First Sequence),https://www.imdb.com/title/tt1467304/?ref_=sr_t_291,2009,1h 32m,R,4.4,91K
292. Winnebago Man,https://www.imdb.com/title/tt1396557/?ref_=sr_t_292,2009,1h 25m,Not Rated,7.2,5.1K
293. Partir,https://www.imdb.com/title/tt1315962/?ref_=sr_t_293,2009,1h 25m,Unrated,6.3,4.6K
294. Passport to Love,https://www.imdb.com/title/tt1260565/?ref_=sr_t_294,2009,2h,PG-13,6.5,177
295. Crude,https://www.imdb.com/title/tt1326204/?ref_=sr_t_295,2009,1h 45m,Unrated,7.5,877
296. Genius Within: The Inner Life of Glenn Gould,https://www.imdb.com/title/tt1503774/?ref_=sr_t_296,2009,1h 46m,Not Rated,7.4,465
297. The Disappearance of Alice Creed,https://www.imdb.com/title/tt1379177/?ref_=sr_t_297,2009,1h 40m,R,6.7,28K
298. A Town Called Panic,https://www.imdb.com/title/tt1433540/?ref_=sr_t_298,2009,1h 15m,TV-PG,7.4,8.9K
299. The Horse Boy,https://www.imdb.com/title/tt1333668/?ref_=sr_t_299,2009,1h 33m,Unrated,7.2,728
300. Brothers at War,https://www.imdb.com/title/tt1239427/?ref_=sr_t_300,2009,1h 50m,R,6.5,598
301. Luck,https://www.imdb.com/title/tt1242782/?ref_=sr_t_301,2009,2h 21m,,4.9,3.2K
302. Father of My Children,https://www.imdb.com/title/tt1356928/?ref_=sr_t_302,2009,1h 50m,Not Rated,6.8,2.9K
303. Evangelion: 2.0 You Can (Not) Advance,https://www.imdb.com/title/tt0860906/?ref_=sr_t_303,2009,1h 52m,TV-14,7.9,26K
304. The Eclipse,https://www.imdb.com/title/tt1346961/?ref_=sr_t_304,2009,1h 28m,R,6.0,3.2K
305. Street Dreams,https://www.imdb.com/title/tt0838241/?ref_=sr_t_305,2009,1h 28m,R,6.1,1.4K
306. City of Life and Death,https://www.imdb.com/title/tt1124052/?ref_=sr_t_306,2009,2h 13m,R,7.7,12K
307. All the Best: Fun Begins,https://www.imdb.com/title/tt1433905/?ref_=sr_t_307,2009,2h 24m,,6.2,7.3K
308. See What I'm Saying: The Deaf Entertainers Documentary,https://www.imdb.com/title/tt1125387/?ref_=sr_t_308,2009,1h 31m,PG-13,7.0,136
309. The Greatest,https://www.imdb.com/title/tt1226232/?ref_=sr_t_309,2009,1h 39m,R,6.6,9.6K
310. Gentlemen Broncos,https://www.imdb.com/title/tt1161418/?ref_=sr_t_310,2009,1h 30m,PG-13,6.2,13K
311. Bran Nue Dae,https://www.imdb.com/title/tt1148165/?ref_=sr_t_311,2009,1h 25m,PG-13,6.2,2K
312. Dogtooth,https://www.imdb.com/title/tt1379182/?ref_=sr_t_312,2009,1h 37m,Not Rated,7.1,115K
313. Life Partner,https://www.imdb.com/title/tt1229366/?ref_=sr_t_313,2009,2h 18m,Not Rated,5.3,1.4K
314. Best Worst Movie,https://www.imdb.com/title/tt1144539/?ref_=sr_t_314,2009,1h 33m,Not Rated,7.2,8.6K
315. Undertow,https://www.imdb.com/title/tt1368491/?ref_=sr_t_315,2009,1h 37m,Not Rated,7.7,7.3K
316. After.Life,https://www.imdb.com/title/tt0838247/?ref_=sr_t_316,2009,1h 44m,R,5.9,42K
317. Inspector Bellamy,https://www.imdb.com/title/tt1188983/?ref_=sr_t_317,2009,1h 50m,Not Rated,5.9,2.3K
318. The Way We Get By,https://www.imdb.com/title/tt1326900/?ref_=sr_t_318,2009,1h 24m,Unrated,7.4,310
319. Alien Trespass,https://www.imdb.com/title/tt1122836/?ref_=sr_t_319,2009,1h 30m,PG,5.8,4.4K
320. Carriers,https://www.imdb.com/title/tt0806203/?ref_=sr_t_320,2009,1h 24m,PG-13,6.0,50K
321. Saint John of Las Vegas,https://www.imdb.com/title/tt1276105/?ref_=sr_t_321,2009,1h 25m,R,5.6,3K
322. Afghan Star,https://www.imdb.com/title/tt1334510/?ref_=sr_t_322,2009,1h 50m,Unrated,7.2,1K
323. Everyone Else,https://www.imdb.com/title/tt1204773/?ref_=sr_t_323,2009,1h 59m,Unrated,6.6,4.1K
324. Survival of the Dead,https://www.imdb.com/title/tt1134854/?ref_=sr_t_324,2009,1h 30m,R,4.8,23K
325. The House of the Devil,https://www.imdb.com/title/tt1172994/?ref_=sr_t_325,2009,1h 35m,R,6.3,53K
326. The Good Guy,https://www.imdb.com/title/tt1247662/?ref_=sr_t_326,2009,1h 30m,R,5.7,9.9K
327. Shortkut - The Con Is On,https://www.imdb.com/title/tt1229390/?ref_=sr_t_327,2009,2h 22m,,3.5,986
328. No Impact Man: The Documentary,https://www.imdb.com/title/tt1280011/?ref_=sr_t_328,2009,1h 33m,Not Rated,6.6,1.6K
329. Motherhood,https://www.imdb.com/title/tt1220220/?ref_=sr_t_329,2009,1h 30m,PG-13,4.6,4.8K
330. American: The Bill Hicks Story,https://www.imdb.com/title/tt1179947/?ref_=sr_t_330,2009,1h 42m,Not Rated,7.7,5K
331. Oy Vey! My Son Is Gay!!,https://www.imdb.com/title/tt1223082/?ref_=sr_t_331,2009,1h 30m,PG-13,5.2,1K
332. Mystery Team,https://www.imdb.com/title/tt1237838/?ref_=sr_t_332,2009,1h 37m,R,6.6,9.9K
333. OSS 117: Lost in Rio,https://www.imdb.com/title/tt1167660/?ref_=sr_t_333,2009,1h 41m,Not Rated,6.8,17K
334. The Cartel,https://www.imdb.com/title/tt1433001/?ref_=sr_t_334,2009,1h 30m,Not Rated,7.5,212
335. No One Knows About Persian Cats,https://www.imdb.com/title/tt1426378/?ref_=sr_t_335,2009,1h 46m,,7.1,7.6K
336. Summer Wars,https://www.imdb.com/title/tt1474276/?ref_=sr_t_336,2009,1h 54m,PG,7.4,32K
337. Waking Sleeping Beauty,https://www.imdb.com/title/tt1159961/?ref_=sr_t_337,2009,1h 26m,PG,7.5,3.3K
338. Breaking Upwards,https://www.imdb.com/title/tt1247644/?ref_=sr_t_338,2009,1h 28m,TV-MA,6.0,1.5K
339. Enemies of the People,https://www.imdb.com/title/tt1568328/?ref_=sr_t_339,2009,1h 33m,Not Rated,7.7,567
340. Rosencrantz and Guildenstern Are Undead,https://www.imdb.com/title/tt1122775/?ref_=sr_t_340,2009,1h 29m,R,5.0,841
341. Leaves of Grass,https://www.imdb.com/title/tt1151359/?ref_=sr_t_341,2009,1h 45m,R,6.4,28K
342. White on Rice,https://www.imdb.com/title/tt0892904/?ref_=sr_t_342,2009,1h 23m,PG-13,6.1,553
343. Budrus,https://www.imdb.com/title/tt1542411/?ref_=sr_t_343,2009,1h 10m,Unrated,7.8,410
344. John Rabe,https://www.imdb.com/title/tt1124377/?ref_=sr_t_344,2009,2h 14m,,7.2,6.8K
345. Racing Dreams,https://www.imdb.com/title/tt1152840/?ref_=sr_t_345,2009,1h 33m,PG,7.1,461
346. Toys in the Attic,https://www.imdb.com/title/tt1342403/?ref_=sr_t_346,2009,1h 20m,PG,6.4,834
347. The Providence Effect,https://www.imdb.com/title/tt1423455/?ref_=sr_t_347,2009,1h 32m,PG,8.1,25
348. Alamar,https://www.imdb.com/title/tt1502396/?ref_=sr_t_348,2009,1h 13m,G,7.2,2.7K
349. How to Live Forever,https://www.imdb.com/title/tt1172957/?ref_=sr_t_349,2009,1h 32m,Not Rated,6.1,287
350. Looking for Eric,https://www.imdb.com/title/tt1242545/?ref_=sr_t_350,2009,1h 56m,Not Rated,7.1,18K
351. The Boys,https://www.imdb.com/title/tt1015971/?ref_=sr_t_351,2009,1h 41m,PG,7.7,1.4K
352. The Nature of Existence,https://www.imdb.com/title/tt1196672/?ref_=sr_t_352,2009,1h 34m,Not Rated,6.5,513
353. The Harimaya Bridge,https://www.imdb.com/title/tt0902982/?ref_=sr_t_353,2009,2h,TV-G,6.4,222
354. Broken Hill,https://www.imdb.com/title/tt1212909/?ref_=sr_t_354,2009,1h 42m,PG,6.2,768
355. Not Forgotten,https://www.imdb.com/title/tt1127221/?ref_=sr_t_355,2009,1h 36m,R,4.7,2.9K
"356. Police, Adjective",https://www.imdb.com/title/tt1337051/?ref_=sr_t_356,2009,1h 53m,Not Rated,6.9,5.4K
357. Cropsey,https://www.imdb.com/title/tt1277936/?ref_=sr_t_357,2009,1h 24m,Not Rated,6.3,9.6K
358. Breath Made Visible: Anna Halprin,https://www.imdb.com/title/tt1351105/?ref_=sr_t_358,2009,1h 22m,Not Rated,7.2,46
359. American Casino,https://www.imdb.com/title/tt1396209/?ref_=sr_t_359,2009,1h 29m,Unrated,7.7,64
360. Royal Kill,https://www.imdb.com/title/tt0421237/?ref_=sr_t_360,2009,1h 30m,PG-13,2.9,816
361. Pianomania,https://www.imdb.com/title/tt1331115/?ref_=sr_t_361,2009,1h 33m,Unrated,7.4,444
362. Orgasm Inc.,https://www.imdb.com/title/tt1439562/?ref_=sr_t_362,2009,1h 13m,Not Rated,5.9,623
363. Love N' Dancing,https://www.imdb.com/title/tt1028581/?ref_=sr_t_363,2009,1h 31m,PG-13,5.4,2K
364. Alabama Moon,https://www.imdb.com/title/tt1300155/?ref_=sr_t_364,2009,1h 39m,PG,6.4,1.8K
365. Collapse,https://www.imdb.com/title/tt1503769/?ref_=sr_t_365,2009,1h 22m,Unrated,7.7,6.9K
366. Dead Snow,https://www.imdb.com/title/tt1278340/?ref_=sr_t_366,2009,1h 31m,Not Rated,6.3,71K
367. Le code a changé,https://www.imdb.com/title/tt1193088/?ref_=sr_t_367,2009,1h 40m,Not Rated,5.8,2.2K
368. Beeswax,https://www.imdb.com/title/tt1339268/?ref_=sr_t_368,2009,1h 40m,Not Rated,6.1,888
369. William Kunstler: Disturbing the Universe,https://www.imdb.com/title/tt1074194/?ref_=sr_t_369,2009,1h 25m,Not Rated,7.7,345
370. Rapt,https://www.imdb.com/title/tt1430110/?ref_=sr_t_370,2009,2h 5m,Not Rated,6.7,2.3K
371. Defendor,https://www.imdb.com/title/tt1303828/?ref_=sr_t_371,2009,1h 41m,R,6.7,38K
372. Desert Flower,https://www.imdb.com/title/tt1054580/?ref_=sr_t_372,2009,2h,R,7.3,15K
373. Down for Life,https://www.imdb.com/title/tt1056477/?ref_=sr_t_373,2009,1h 32m,R,6.9,377
374. We Live in Public,https://www.imdb.com/title/tt0498329/?ref_=sr_t_374,2009,1h 31m,Unrated,7.1,2K
375. The Slammin' Salmon,https://www.imdb.com/title/tt1135525/?ref_=sr_t_375,2009,1h 39m,R,6.4,16K
376. 44 Inch Chest,https://www.imdb.com/title/tt0914837/?ref_=sr_t_376,2009,1h 35m,R,5.8,7.2K
377. Oh My God,https://www.imdb.com/title/tt1326954/?ref_=sr_t_377,2009,1h 33m,Not Rated,6.1,483
378. The Legend of Pale Male,https://www.imdb.com/title/tt1699158/?ref_=sr_t_378,2009,1h 25m,,9.2,37
379. Army of Crime,https://www.imdb.com/title/tt1258120/?ref_=sr_t_379,2009,2h 19m,Not Rated,6.7,3.6K
380. 13B: Fear Has a New Address,https://www.imdb.com/title/tt1385824/?ref_=sr_t_380,2009,2h 26m,Not Rated,7.4,9.3K
381. District 13: Ultimatum,https://www.imdb.com/title/tt1247640/?ref_=sr_t_381,2009,1h 41m,R,6.5,47K
382. Guy and Madeline on a Park Bench,https://www.imdb.com/title/tt1337193/?ref_=sr_t_382,2009,1h 22m,Not Rated,6.0,2K
383. Hideaway,https://www.imdb.com/title/tt1504429/?ref_=sr_t_383,2009,1h 28m,Unrated,6.4,3K
384. Brief Interviews with Hideous Men,https://www.imdb.com/title/tt0790627/?ref_=sr_t_384,2009,1h 20m,Not Rated,5.4,3.7K
385. Bluebeard,https://www.imdb.com/title/tt1355623/?ref_=sr_t_385,2009,1h 20m,Not Rated,6.3,1.6K
386. Around a Small Mountain,https://www.imdb.com/title/tt1239285/?ref_=sr_t_386,2009,1h 24m,Not Rated,6.0,789
387. Ahead of Time: The Extraordinary Journey of Ruth Gruber,https://www.imdb.com/title/tt1486548/?ref_=sr_t_387,2009,1h 13m,Not Rated,7.9,83
388. Spoken Word,https://www.imdb.com/title/tt1212443/?ref_=sr_t_388,2009,1h 56m,TV-PG,6.2,122
389. Beyond a Reasonable Doubt,https://www.imdb.com/title/tt1183251/?ref_=sr_t_389,2009,1h 46m,PG-13,5.8,14K
390. The Time That Remains,https://www.imdb.com/title/tt1037163/?ref_=sr_t_390,2009,1h 49m,Not Rated,7.1,2.9K
391. Beetle Queen Conquers Tokyo,https://www.imdb.com/title/tt1339635/?ref_=sr_t_391,2009,1h 30m,,6.2,228
392. Valhalla Rising,https://www.imdb.com/title/tt0862467/?ref_=sr_t_392,2009,1h 33m,Not Rated,6.0,65K
393. Saint Misbehavin': The Wavy Gravy Movie,https://www.imdb.com/title/tt1326259/?ref_=sr_t_393,2009,1h 27m,Not Rated,7.6,152
394. Cracks,https://www.imdb.com/title/tt1183665/?ref_=sr_t_394,2009,1h 44m,R,6.6,21K
395. The Topp Twins: Untouchable Girls,https://www.imdb.com/title/tt1338687/?ref_=sr_t_395,2009,1h 24m,Not Rated,7.3,377
396. Call of the Wild,https://www.imdb.com/title/tt1192620/?ref_=sr_t_396,2009,1h 28m,PG,5.3,931
397. Streetballers,https://www.imdb.com/title/tt0847221/?ref_=sr_t_397,2009,1h 59m,R,5.6,384
398. Garbo: The Spy,https://www.imdb.com/title/tt1344315/?ref_=sr_t_398,2009,1h 28m,Not Rated,7.2,663
399. [Rec]²,https://www.imdb.com/title/tt1245112/?ref_=sr_t_399,2009,1h 25m,R,6.5,81K
400. Tamo i ovde,https://www.imdb.com/title/tt1118045/?ref_=sr_t_400,2009,1h 25m,Not Rated,6.3,1.1K
401. Clash,https://www.imdb.com/title/tt1571565/?ref_=sr_t_401,2009,1h 30m,R,5.9,1.2K
402. Earth Days,https://www.imdb.com/title/tt1230130/?ref_=sr_t_402,2009,1h 30m,,7.0,206
403. The Answer Man,https://www.imdb.com/title/tt1187041/?ref_=sr_t_403,2009,1h 35m,R,6.4,7.4K
404. Eyes Wide Open,https://www.imdb.com/title/tt1424327/?ref_=sr_t_404,2009,1h 31m,Not Rated,7.3,6.6K
405. October Country,https://www.imdb.com/title/tt1326831/?ref_=sr_t_405,2009,1h 20m,Not Rated,6.8,273
406. Perestroika,https://www.imdb.com/title/tt1001540/?ref_=sr_t_406,2009,1h 56m,Not Rated,4.3,163
407. Caesar and Otto's Summer Camp Massacre,https://www.imdb.com/title/tt1196601/?ref_=sr_t_407,2009,1h 16m,Not Rated,3.5,276
408. The Exploding Girl,https://www.imdb.com/title/tt1294161/?ref_=sr_t_408,2009,1h 19m,Unrated,6.2,2K
409. Henri-Georges Clouzot's Inferno,https://www.imdb.com/title/tt1433528/?ref_=sr_t_409,2009,1h 40m,Not Rated,7.4,2K
410. The Other Woman,https://www.imdb.com/title/tt1032825/?ref_=sr_t_410,2009,1h 42m,R,6.3,20K
411. Serious Moonlight,https://www.imdb.com/title/tt1133993/?ref_=sr_t_411,2009,1h 21m,R,5.3,9K
412. Death of the Virgin,https://www.imdb.com/title/tt1524170/?ref_=sr_t_412,2009,1h 43m,Not Rated,3.3,202
413. Fresh,https://www.imdb.com/title/tt1637620/?ref_=sr_t_413,2009,1h 12m,Not Rated,7.4,289
414. Kal Kissne Dekha,https://www.imdb.com/title/tt1324078/?ref_=sr_t_414,2009,2h 14m,,3.6,521
415. Coyote County Loser,https://www.imdb.com/title/tt1144541/?ref_=sr_t_415,2009,1h 32m,PG,6.1,253
416. The Big Gay Musical,https://www.imdb.com/title/tt1332100/?ref_=sr_t_416,2009,1h 27m,Unrated,6.5,1.8K
417. Videocracy,https://www.imdb.com/title/tt1500516/?ref_=sr_t_417,2009,1h 25m,Not Rated,6.5,1.9K
418. Weather Girl,https://www.imdb.com/title/tt1085515/?ref_=sr_t_418,2009,1h 32m,R,5.8,3.4K
419. Happy Tears,https://www.imdb.com/title/tt1219828/?ref_=sr_t_419,2009,1h 32m,R,5.2,1.6K
420. All's Faire in Love,https://www.imdb.com/title/tt1034090/?ref_=sr_t_420,2009,1h 44m,PG-13,4.8,1.1K
421. Daddy Longlegs,https://www.imdb.com/title/tt1426362/?ref_=sr_t_421,2009,1h 40m,TV-14,6.9,3.1K
422. Toe to Toe,https://www.imdb.com/title/tt1209364/?ref_=sr_t_422,2009,1h 44m,Not Rated,5.4,524
423. The Good Heart,https://www.imdb.com/title/tt0808285/?ref_=sr_t_423,2009,1h 39m,R,6.8,5.2K
424. Double Take,https://www.imdb.com/title/tt1386926/?ref_=sr_t_424,2009,1h 20m,Not Rated,6.1,703
425. If I Die Tonight,https://www.imdb.com/title/tt1489185/?ref_=sr_t_425,2009,1h 34m,PG-13,6.9,58
426. Harmony and Me,https://www.imdb.com/title/tt1196165/?ref_=sr_t_426,2009,1h 15m,Not Rated,6.2,471
427. The Open Road,https://www.imdb.com/title/tt1007018/?ref_=sr_t_427,2009,1h 30m,PG-13,5.5,3.8K
428. Dev.D,https://www.imdb.com/title/tt1327035/?ref_=sr_t_428,2009,2h 24m,Not Rated,7.9,33K
429. Off and Running,https://www.imdb.com/title/tt1083853/?ref_=sr_t_429,2009,1h 16m,Not Rated,6.4,143
430. Women in Trouble,https://www.imdb.com/title/tt1247704/?ref_=sr_t_430,2009,1h 32m,R,5.6,6.7K
431. Dare,https://www.imdb.com/title/tt1241316/?ref_=sr_t_431,2009,1h 32m,R,5.8,4.5K
432. Great Directors,https://www.imdb.com/title/tt1445683/?ref_=sr_t_432,2009,1h 30m,Not Rated,6.4,513
433. The Missing Person,https://www.imdb.com/title/tt1105512/?ref_=sr_t_433,2009,1h 35m,Not Rated,6.0,1.8K
434. Bitch Slap,https://www.imdb.com/title/tt1212974/?ref_=sr_t_434,2009,1h 49m,R,4.5,14K
435. My Suicide,https://www.imdb.com/title/tt0492896/?ref_=sr_t_435,2009,1h 47m,Not Rated,7.1,2.6K
436. April Showers,https://www.imdb.com/title/tt1212451/?ref_=sr_t_436,2009,1h 34m,R,5.6,1K
437. Splinterheads,https://www.imdb.com/title/tt1254696/?ref_=sr_t_437,2009,1h 34m,R,5.8,1.6K
438. Storm,https://www.imdb.com/title/tt0768239/?ref_=sr_t_438,2009,1h 45m,Not Rated,6.9,1.4K
439. Five Minutes of Heaven,https://www.imdb.com/title/tt1238291/?ref_=sr_t_439,2009,1h 29m,R,6.5,13K
440. Kung Fu Joe,https://www.imdb.com/title/tt1378274/?ref_=sr_t_440,2009,1h 29m,Not Rated,2.3,242
441. Daddy Cool: Join the Fun,https://www.imdb.com/title/tt1404573/?ref_=sr_t_441,2009,1h 42m,,3.8,436
442. Nobody,https://www.imdb.com/title/tt1230155/?ref_=sr_t_442,2009,1h 28m,PG-13,5.2,145
443. Don McKay,https://www.imdb.com/title/tt1281374/?ref_=sr_t_443,2009,1h 27m,R,5.8,2.5K
444. Paper Man,https://www.imdb.com/title/tt0437405/?ref_=sr_t_444,2009,1h 50m,R,6.5,21K
445. Handsome Harry,https://www.imdb.com/title/tt1318001/?ref_=sr_t_445,2009,1h 34m,R,6.1,2.2K
446. Back Door Channels: The Price of Peace,https://www.imdb.com/title/tt1450633/?ref_=sr_t_446,2009,1h 35m,,7.5,51
447. The Kids Grow Up,https://www.imdb.com/title/tt1321332/?ref_=sr_t_447,2009,1h 30m,Unrated,6.8,169
448. Defamation,https://www.imdb.com/title/tt1377278/?ref_=sr_t_448,2009,1h 31m,Not Rated,7.4,1.9K
449. Picture Me,https://www.imdb.com/title/tt1459052/?ref_=sr_t_449,2009,1h 22m,Not Rated,6.3,560
450. White Wedding,https://www.imdb.com/title/tt1213929/?ref_=sr_t_450,2009,1h 33m,PG-13,6.1,652
451. One Peace at a Time,https://www.imdb.com/title/tt1458956/?ref_=sr_t_451,2009,1h 23m,Not Rated,7.2,71
452. After the Cup: Sons of Sakhnin United,https://www.imdb.com/title/tt1616504/?ref_=sr_t_452,2009,1h 24m,,7.1,18
453. Peter and Vandy,https://www.imdb.com/title/tt1144551/?ref_=sr_t_453,2009,1h 35m,Not Rated,6.3,1.6K
454. Children of Invention,https://www.imdb.com/title/tt1322282/?ref_=sr_t_454,2009,1h 26m,Not Rated,6.5,667
455. The Woman with the 5 Elephants,https://www.imdb.com/title/tt1510726/?ref_=sr_t_455,2009,1h 33m,Not Rated,7.6,331
456. I Hate Valentine's Day,https://www.imdb.com/title/tt0762105/?ref_=sr_t_456,2009,1h 38m,PG-13,4.7,8.9K
457. Spring Fever,https://www.imdb.com/title/tt1422119/?ref_=sr_t_457,2009,1h 56m,,6.4,1.8K
458. Waiting for Armageddon,https://www.imdb.com/title/tt1372746/?ref_=sr_t_458,2009,1h 14m,Not Rated,6.3,394
459. The Milk of Sorrow,https://www.imdb.com/title/tt1206488/?ref_=sr_t_459,2009,1h 34m,,6.7,7.5K
"460. Hugh Hefner: Playboy, Activist and Rebel",https://www.imdb.com/title/tt1503776/?ref_=sr_t_460,2009,2h 4m,R,7.0,757
461. Act of God,https://www.imdb.com/title/tt1339043/?ref_=sr_t_461,2009,1h 15m,TV-G,5.0,217
462. Down Terrace,https://www.imdb.com/title/tt1489167/?ref_=sr_t_462,2009,1h 29m,R,6.4,4.3K
463. The River Within,https://www.imdb.com/title/tt1292655/?ref_=sr_t_463,2009,1h 42m,TV-G,5.3,204
464. Endgame,https://www.imdb.com/title/tt1217616/?ref_=sr_t_464,2009,1h 49m,PG-13,6.2,2.9K
465. Mammoth,https://www.imdb.com/title/tt1038043/?ref_=sr_t_465,2009,2h 5m,Not Rated,6.8,11K
466. Wonderful World,https://www.imdb.com/title/tt0857275/?ref_=sr_t_466,2009,1h 29m,R,6.0,2.5K
467. The Janky Promoters,https://www.imdb.com/title/tt1210071/?ref_=sr_t_467,2009,1h 25m,R,5.1,1.9K
468. Brotherhood,https://www.imdb.com/title/tt1327820/?ref_=sr_t_468,2009,1h 37m,R,7.0,3.4K
469. Only When I Dance,https://www.imdb.com/title/tt1393744/?ref_=sr_t_469,2009,1h 18m,Not Rated,6.9,273
470. I'm Glad My Mother Is Alive,https://www.imdb.com/title/tt1406161/?ref_=sr_t_470,2009,1h 31m,Not Rated,6.7,593
471. Winter of Frozen Dreams,https://www.imdb.com/title/tt0960098/?ref_=sr_t_471,2009,1h 32m,R,4.6,933
472. Grace,https://www.imdb.com/title/tt1220213/?ref_=sr_t_472,2009,1h 25m,R,5.2,8.3K
473. Freedom,https://www.imdb.com/title/tt1495823/?ref_=sr_t_473,2009,1h 51m,,7.2,1.4K
474. Reunion,https://www.imdb.com/title/tt1193630/?ref_=sr_t_474,2009,1h 30m,,4.1,131
475. Stolen,https://www.imdb.com/title/tt1139282/?ref_=sr_t_475,2009,1h 31m,R,6.1,6.1K
476. Mugabe and the White African,https://www.imdb.com/title/tt1437235/?ref_=sr_t_476,2009,1h 30m,Not Rated,7.7,983
477. Tales from the Script,https://www.imdb.com/title/tt1045642/?ref_=sr_t_477,2009,1h 45m,Not Rated,7.1,1.6K
478. The Thorn in the Heart,https://www.imdb.com/title/tt1424062/?ref_=sr_t_478,2009,1h 26m,Not Rated,6.1,510
479. London River,https://www.imdb.com/title/tt1227787/?ref_=sr_t_479,2009,1h 24m,Not Rated,6.9,3.9K
480. Domain,https://www.imdb.com/title/tt1500701/?ref_=sr_t_480,2009,1h 50m,Not Rated,5.7,200
481. Last Ride,https://www.imdb.com/title/tt1235142/?ref_=sr_t_481,2009,1h 30m,Not Rated,6.6,2.6K
482. Finding Bliss,https://www.imdb.com/title/tt1185242/?ref_=sr_t_482,2009,1h 36m,R,5.2,2.7K
483. Mercy,https://www.imdb.com/title/tt1235200/?ref_=sr_t_483,2009,1h 27m,R,5.9,1.4K
484. The Red Chapel,https://www.imdb.com/title/tt1546653/?ref_=sr_t_484,2009,1h 28m,Not Rated,7.2,2.2K
485. The Bride & The Grooms,https://www.imdb.com/title/tt1436468/?ref_=sr_t_485,2009,1h 39m,,7.4,12
486. Sweethearts of the Prison Rodeo,https://www.imdb.com/title/tt1095414/?ref_=sr_t_486,2009,1h 30m,Not Rated,7.5,66
487. Rage,https://www.imdb.com/title/tt1151923/?ref_=sr_t_487,2009,1h 29m,,6.3,1.2K
488. Whiz Kids,https://www.imdb.com/title/tt1303821/?ref_=sr_t_488,2009,1h 22m,,8.5,9
489. Speed-Dating,https://www.imdb.com/title/tt1343110/?ref_=sr_t_489,2009,1h 38m,R,2.8,412
490. Dhoondte Reh Jaoge,https://www.imdb.com/title/tt1391544/?ref_=sr_t_490,2009,2h 11m,,5.6,940
491. The Strip,https://www.imdb.com/title/tt0843876/?ref_=sr_t_491,2009,1h 31m,PG-13,7.6,160
492. Tanner Hall,https://www.imdb.com/title/tt1151410/?ref_=sr_t_492,2009,1h 36m,R,5.7,4.1K
493. Hadewijch,https://www.imdb.com/title/tt1257562/?ref_=sr_t_493,2009,1h 45m,Not Rated,6.7,2.2K
494. Ferlinghetti: A Rebirth of Wonder,https://www.imdb.com/title/tt1251754/?ref_=sr_t_494,2009,1h 13m,Not Rated,6.9,51
495. The Ministers,https://www.imdb.com/title/tt0880570/?ref_=sr_t_495,2009,1h 29m,R,4.4,1.5K
496. The Flower of Kim Jong II,https://www.imdb.com/title/tt1180311/?ref_=sr_t_496,2009,1h 15m,Not Rated,6.7,949
497. Corked,https://www.imdb.com/title/tt1031562/?ref_=sr_t_497,2009,1h 30m,PG-13,6.5,62
498. The Marc Pease Experience,https://www.imdb.com/title/tt0913413/?ref_=sr_t_498,2009,1h 24m,PG-13,4.0,2.4K
499. Morrer Como Um Homem,https://www.imdb.com/title/tt1424361/?ref_=sr_t_499,2009,2h 14m,Unrated,6.4,1.3K
500. Just Say Love,https://www.imdb.com/title/tt1247397/?ref_=sr_t_500,2009,1h 15m,Not Rated,6.0,611
501. In/Significant Others,https://www.imdb.com/title/tt1217259/?ref_=sr_t_501,2009,1h 39m,Not Rated,5.7,63
502. Heartless,https://www.imdb.com/title/tt1220214/?ref_=sr_t_502,2009,1h 54m,,5.9,10K
503. Mr. Nobody,https://www.imdb.com/title/tt0485947/?ref_=sr_t_503,2009,2h 21m,R,7.7,250K
504. Ricky,https://www.imdb.com/title/tt1189076/?ref_=sr_t_504,2009,1h 29m,Not Rated,5.8,3.3K
505. Gooby,https://www.imdb.com/title/tt1132588/?ref_=sr_t_505,2009,1h 35m,PG,2.9,1K
506. Plastic Planet,https://www.imdb.com/title/tt1292648/?ref_=sr_t_506,2009,1h 35m,TV-G,7.2,1.2K
507. My Year Without Sex,https://www.imdb.com/title/tt1245358/?ref_=sr_t_507,2009,1h 36m,Not Rated,5.8,921
508. The Afterlight,https://www.imdb.com/title/tt0999963/?ref_=sr_t_508,2009,1h 27m,Not Rated,7.6,54
509. Protector,https://www.imdb.com/title/tt1348318/?ref_=sr_t_509,2009,1h 38m,Not Rated,7.1,914
510. Altiplano,https://www.imdb.com/title/tt1318022/?ref_=sr_t_510,2009,1h 49m,Not Rated,6.9,764
511. Boogie Woogie,https://www.imdb.com/title/tt1134664/?ref_=sr_t_511,2009,1h 34m,R,5.1,4.2K
512. Daniel and Ana,https://www.imdb.com/title/tt1392888/?ref_=sr_t_512,2009,1h 30m,Not Rated,6.1,2.1K
513. The Pool Boys,https://www.imdb.com/title/tt0807028/?ref_=sr_t_513,2009,1h 47m,R,4.6,2.7K
514. You Wont Miss Me,https://www.imdb.com/title/tt1249443/?ref_=sr_t_514,2009,1h 21m,Not Rated,4.9,357
515. The Girl,https://www.imdb.com/title/tt1342378/?ref_=sr_t_515,2009,1h 40m,,6.7,1.6K
516. Falling Awake,https://www.imdb.com/title/tt1043756/?ref_=sr_t_516,2009,1h 50m,R,5.9,195
517. The Temptation of St. Tony,https://www.imdb.com/title/tt1247696/?ref_=sr_t_517,2009,1h 54m,,7.1,1.4K
518. Sikandar,https://www.imdb.com/title/tt1278447/?ref_=sr_t_518,2009,1h 50m,,6.3,299
519. A Mother's Courage: Talking Back to Autism,https://www.imdb.com/title/tt1343113/?ref_=sr_t_519,2009,1h 43m,TV-G,7.3,274
520. The Canyon,https://www.imdb.com/title/tt0960741/?ref_=sr_t_520,2009,1h 42m,R,5.8,5.2K
521. Ghosted,https://www.imdb.com/title/tt1252595/?ref_=sr_t_521,2009,1h 29m,Not Rated,4.6,402
522. Drool,https://www.imdb.com/title/tt1268962/?ref_=sr_t_522,2009,1h 25m,Not Rated,5.8,829
523. Little Girl,https://www.imdb.com/title/tt1426371/?ref_=sr_t_523,2009,1h 40m,Not Rated,7.1,746
524. Strangers Online,https://www.imdb.com/title/tt0804536/?ref_=sr_t_524,2009,1h 47m,R,4.0,39
525. 45365,https://www.imdb.com/title/tt1337139/?ref_=sr_t_525,2009,1h 30m,,7.2,303
526. Perrier's Bounty,https://www.imdb.com/title/tt1003034/?ref_=sr_t_526,2009,1h 28m,R,6.3,7.6K
527. Redneck Carnage,https://www.imdb.com/title/tt1235168/?ref_=sr_t_527,2009,1h 39m,Not Rated,5.1,36
528. Nativity!,https://www.imdb.com/title/tt1242447/?ref_=sr_t_528,2009,1h 45m,PG,6.5,14K
529. Triangle,https://www.imdb.com/title/tt1187064/?ref_=sr_t_529,2009,1h 39m,R,6.9,136K
530. Hachi: A Dog's Tale,https://www.imdb.com/title/tt1028532/?ref_=sr_t_530,2009,1h 33m,G,8.1,322K
531. Mary and Max,https://www.imdb.com/title/tt0978762/?ref_=sr_t_531,2009,1h 32m,Not Rated,8.1,193K
532. The Horde,https://www.imdb.com/title/tt1183276/?ref_=sr_t_532,2009,1h 30m,Not Rated,5.9,17K
533. From Time to Time,https://www.imdb.com/title/tt1031241/?ref_=sr_t_533,2009,1h 32m,PG,6.7,6.3K
534. The New Daughter,https://www.imdb.com/title/tt0951335/?ref_=sr_t_534,2009,1h 48m,PG-13,5.3,17K
535. Exam,https://www.imdb.com/title/tt1258197/?ref_=sr_t_535,2009,1h 41m,Not Rated,6.7,129K
536. Beautiful Kate,https://www.imdb.com/title/tt1209377/?ref_=sr_t_536,2009,1h 40m,R,6.6,4.2K
537. Vampire Killers,https://www.imdb.com/title/tt1020885/?ref_=sr_t_537,2009,1h 26m,R,5.1,21K
538. Dorian Gray,https://www.imdb.com/title/tt1235124/?ref_=sr_t_538,2009,1h 52m,R,6.2,69K
539. Solomon Kane,https://www.imdb.com/title/tt0970452/?ref_=sr_t_539,2009,1h 44m,R,6.1,78K
"540. Sex, Party & Lies",https://www.imdb.com/title/tt0822833/?ref_=sr_t_540,2009,1h 47m,,3.9,3K
541. Grotesque,https://www.imdb.com/title/tt1352369/?ref_=sr_t_541,2009,1h 13m,Not Rated,4.7,7.8K
542. The Descent: Part 2,https://www.imdb.com/title/tt1073105/?ref_=sr_t_542,2009,1h 34m,R,5.7,53K
543. The Loved Ones,https://www.imdb.com/title/tt1316536/?ref_=sr_t_543,2009,1h 24m,R,6.6,45K
544. Horsemen,https://www.imdb.com/title/tt0892767/?ref_=sr_t_544,2009,1h 30m,R,5.5,25K
545. The Rebound,https://www.imdb.com/title/tt1205535/?ref_=sr_t_545,2009,1h 35m,R,6.3,51K
546. Timer,https://www.imdb.com/title/tt1179794/?ref_=sr_t_546,2009,1h 39m,R,6.5,14K
547. Redline,https://www.imdb.com/title/tt1483797/?ref_=sr_t_547,2009,1h 42m,Not Rated,7.5,18K
548. Polytechnique,https://www.imdb.com/title/tt1194238/?ref_=sr_t_548,2009,1h 17m,Not Rated,7.2,20K
549. Blood and Bone,https://www.imdb.com/title/tt0346631/?ref_=sr_t_549,2009,1h 33m,R,6.7,37K
550. Stan Helsing,https://www.imdb.com/title/tt1185266/?ref_=sr_t_550,2009,1h 30m,R,3.6,15K
